name,image,price,product_link,product_type
"Sleeveless cherry short dress set with halter neck, off-the-shoulder design, fringe detail, and concealed back fastening.",https://static.zara.net/assets/public/c74e/0f12/112b45ca9a0b/a214faf57181/04772283608-p/04772283608-p.jpg?ts=1765296613580&w=293,"₹ 5,950.00",https://www.zara.com/in/en/short-halter-dress-with-fringing-p04772283.html,dresses
Short black dress set with a flowing neckline and long sleeves.,https://static.zara.net/assets/public/b47f/5d80/3b8f44aa82bc/496d9dd1ad80/09377332800-a1/09377332800-a1.jpg?ts=1765296912584&w=293,"₹ 3,550.00",https://www.zara.com/in/en/flowing-satin-dress-p09377332.html,dresses
"Black midi dress ensemble with a boat neck, long sleeves, and a thin belt, paired with brown knee-high boots.",https://static.zara.net/assets/public/47ac/2482/c73e4239b511/406d02469695/05536004800-h1/05536004800-h1.jpg?ts=1765364499657&w=609,"₹ 4,950.00",https://www.zara.com/in/en/belted-midi-dress-p05536004.html,dresses
"Black dress set with lace on the neckline and hem, spaghetti straps and midi length.",https://static.zara.net/assets/public/65c0/8ef7/11b4417a87ba/aa251555658a/05919201800-a1/05919201800-a1.jpg?ts=1765359830601&w=293,"₹ 5,950.00",https://www.zara.com/in/en/zw-collection-satin-lace-dress-p05919201.html,dresses
"Dark brown roll-neck, long-sleeved jumper dress set, paired with black shoes.",https://static.zara.net/assets/public/c336/8f46/8d4d46118506/be5f54675b19/05536158700-p/05536158700-p.jpg?ts=1761834680341&w=293,"₹ 3,550.00",https://www.zara.com/in/en/soft-knit-short-dress-p05536158.html,dresses
Brown short-sleeved dress set with black belt.,https://static.zara.net/assets/public/0a3e/8c9e/252148f49d1b/017b156fc2bc/02756144730-a3/02756144730-a3.jpg?ts=1765298244487&w=293,"₹ 4,950.00",https://www.zara.com/in/en/midi-dress-with-belt-p02756144.html,dresses
Green dress set with black lace on the neckline and a long black pleated skirt.,https://static.zara.net/assets/public/3412/8ae6/21f84f10857d/f07e4f2208bd/04772042500-p/04772042500-p.jpg?ts=1764859294632&w=293,"₹ 4,350.00",https://www.zara.com/in/en/asymmetric-satin-lace-dress-zw-collection-p04772042.html,dresses
"Sleeveless midi black dress set, halter neck, with beads and sequins, concealed side fastening.",https://static.zara.net/assets/public/f754/9d21/b41a467fba5a/f037fe3ac3bd/02157247800-a1/02157247800-a1.jpg?ts=1764848123193&w=293,"₹ 5,950.00",https://www.zara.com/in/en/beaded-velvet-halter-midi-dress-p02157247.html,dresses
"Floral jacquard short dress set, high neck and sleeveless, in various shades.",https://static.zara.net/assets/public/55c9/cf73/06034327ba54/10f5e70fac8b/05584199700-a1/05584199700-a1.jpg?ts=1760607914468&w=293,"₹ 3,350.00",https://www.zara.com/in/en/short-jacquard-dress-p05584199.html,dresses
"Black midi dress set with a sweetheart neckline, wide straps, and contrasting white floral print.",https://static.zara.net/assets/public/4ea9/7756/dca1466e8c66/d9ed6f4f95dd/05584225800-p/05584225800-p.jpg?ts=1758814158310&w=293,"₹ 3,550.00",https://www.zara.com/in/en/floral-stretch-midi-dress-p05584225.html,dresses
"Front view of a midi ecru dress with a round neck, V-neckline, short sleeves, covered buttons, and a combined fabric hem.",https://static.zara.net/assets/public/d202/2c24/cb434c21999b/c054ab91fa8f/04192001712-e1/04192001712-e1.jpg?ts=1764089476924&w=293,"₹ 7,550.00",https://www.zara.com/in/en/knit-dress-with-matching-detail-p04192001.html,dresses
"Mid-shot of a short black dress with a round neck, sleeveless, and white bows on the front.",https://static.zara.net/assets/public/f4d4/5bbf/619b4af186a4/d27db139def5/03067238800-p/03067238800-p.jpg?ts=1763110894138&w=293,"₹ 3,550.00",https://www.zara.com/in/en/contrast-bow-mini-dress-p03067238.html,dresses
"Short red dress set with a flowing neckline, shoulder pads, and diamante details. Sleeveless and a criss-cross strap at the back.",https://static.zara.net/assets/public/fe6a/8a7e/3f854fc3a865/f62328145877/04772258600-a1/04772258600-a1.jpg?ts=1764241249178&w=293,"₹ 10,950.00",https://www.zara.com/in/en/short-dress-with-shoulder-pads-and-rhinestones-p04772258.html,dresses
Satin black midi dress set with lace on the neckline and thin straps.,https://static.zara.net/assets/public/ef04/8d11/ffca4acc97e1/437893ebdc25/09726748800-p/09726748800-p.jpg?ts=1761757821503&w=293,"₹ 4,950.00",https://www.zara.com/in/en/contrasting-satin-midi-dress-p09726748.html,dresses
"Medium shot of purple dress with high neck, long sleeves, and bow detail on the shoulder.",https://static.zara.net/assets/public/634d/e5b5/705745d6b8b6/c8fba9dc95d5/05029197610-p/05029197610-p.jpg?ts=1759740999086&w=293,"₹ 4,950.00",https://www.zara.com/in/en/mini-dress-with-scarf-p05029197.html,dresses
Matching bright red long dress set with halter neckline and sandals.,https://static.zara.net/assets/public/a97a/33ed/c75048768f6a/cc629d07b509/01223475684-p/01223475684-p.jpg?ts=1759743701361&w=293,"₹ 5,950.00",https://www.zara.com/in/en/v-neck-sequin-dress-p01223475.html,dresses
"Midi blue dress set with a V-neckline, long sleeves, shoulder pads, front ruching and gold hardware. Front slit.",https://static.zara.net/assets/public/1a82/14d8/ebb04d4ead9c/498a3344725a/00387161407-p/00387161407-p.jpg?ts=1762524862102&w=293,"₹ 4,950.00",https://www.zara.com/in/en/velvet-midi-dress-with-hardware-p00387161.html,dresses
"Black midi dress set with a V-neckline, wide sleeves and a front slit. Ruched detail and floral print.",https://static.zara.net/assets/public/c7d3/126e/1c46491fa569/669030ee9e08/09837821800-p/09837821800-p.jpg?ts=1762769117852&w=609,"₹ 5,950.00",https://www.zara.com/in/en/foil-draped-midi-dress-p09837821.html,dresses
"Black mini dress with cape and spaghetti straps, paired with black high-heeled sandals with faux fur detail.",https://static.zara.net/assets/public/7a53/057f/45e6464cbe3a/b358860c9599/04772274800-p/04772274800-p.jpg?ts=1761899539045&w=293,"₹ 4,350.00",https://www.zara.com/in/en/short-satin-dress-with-cape-detail-p04772274.html,dresses
KNIT DRESS WITH BELT - Black by Zara,https://static.zara.net/assets/public/00a8/bea3/df814d13a0e8/1638f297587a/03920836800-a1/03920836800-a1.jpg?ts=1757084534890&w=293,"₹ 4,350.00",https://www.zara.com/in/en/knit-dress-with-belt-p03920836.html,dresses
"lace short dress set with a round neck and long sleeves, with a zip fastening at the back.",https://static.zara.net/assets/public/0ea5/b6e3/722f43ea89b7/4db3ad548f0c/04661253251-h1/04661253251-h1.jpg?ts=1759910827560&w=609,"₹ 2,950.00",https://www.zara.com/in/en/short-lace-dress-p04661253.html,dresses
"Blue midi dress with a V-neck, sleeveless, buckled belt and button-front.",https://static.zara.net/assets/public/af4d/5ec8/107c4b39bd21/a44fac33a23b/05584204407-p/05584204407-p.jpg?ts=1756198050763&w=293,"₹ 3,550.00",https://www.zara.com/in/en/stretch-midi-dress-with-belt-p05584204.html,dresses
"Mid-shot of an ecru short dress with a black shirt collar, long sleeves, and faux front pockets with buttons.",https://static.zara.net/assets/public/6189/a7a9/3e564997b8b0/47e2bbab7b99/00264403070-a1/00264403070-a1.jpg?ts=1761836512040&w=293,"₹ 2,950.00",https://www.zara.com/in/en/soft-short-dress-p00264403.html,dresses
"Knitted black midi dress set with a high neck, short sleeves and a belt with a gold buckle. Black high boots.",https://static.zara.net/assets/public/9c7d/b2f7/29ef48479ffc/cf230a09682f/03920836800-p/03920836800-p.jpg?ts=1763725646446&w=609,"₹ 4,350.00",https://www.zara.com/in/en/knit-dress-with-belt-p03920836.html,dresses
Mid-shot of a black backless dress with long fringes. Detail of thin straps and a silver bracelet.,https://static.zara.net/assets/public/ba73/1a69/f9b442d8909b/5139ae9307fb/09681871700-a6/09681871700-a6.jpg?ts=1761752707228&w=293,"₹ 5,550.00",https://www.zara.com/in/en/velvet-fringed-midi-dress-p09681871.html,dresses
Long black dress set with wide straps and lace detail on the neckline.,https://static.zara.net/assets/public/e4c3/0a4d/00a646c7b4f6/82321bcbbf6e/09937986800-a1/09937986800-a1.jpg?ts=1764886675262&w=293,"₹ 3,550.00",https://www.zara.com/in/en/velvet-lace-midi-dress-p09937986.html,dresses
Short black strapless dress set with white floral appliqué on the bust and black sandals with white floral detailing.,https://static.zara.net/assets/public/d308/2fed/624a4316a656/80a3bab4898f/04772239800-p/04772239800-p.jpg?ts=1759743678381&w=293,"₹ 4,950.00",https://www.zara.com/in/en/contrast-floral-bandeau-dress-p04772239.html,dresses
"Ochre midi dress set with no sleeves, a halter neck, a wrap-over neckline, a front slit, and sequin details.",https://static.zara.net/assets/public/4eee/162d/970c4f43bb59/1463cfac9898/09858822703-p/09858822703-p.jpg?ts=1763544221782&w=293,"₹ 5,550.00",https://www.zara.com/in/en/sequinned-velvet-halter-midi-dress-p09858822.html,dresses
Black spaghetti strap backless dress and midi skirt set.,https://static.zara.net/assets/public/70c6/c390/a8c74974b4c0/8270a6b0b517/04772251800-p/04772251800-p.jpg?ts=1761899539241&w=293,"₹ 4,350.00",https://www.zara.com/in/en/velvet-midi-dress-p04772251.html,dresses
"Mini black dress set with a V-neckline, shoulder pads, long sleeves and a flared hem, paired with black high boots.",https://static.zara.net/assets/public/21c5/235f/0d2942e4849e/231b170f7992/09038592800-p/09038592800-p.jpg?ts=1759309505331&w=293,"₹ 4,950.00",https://www.zara.com/in/en/mini-dress-with-shoulder-pads-p09038592.html,dresses
"Midi black dress ensemble featuring a V-neck, long sleeves, and adjustable belt. Beige jumper draped over the shoulders.",https://static.zara.net/assets/public/42b1/ec29/1b47475a8d4f/8f6bd7464a3e/04786287800-p/04786287800-p.jpg?ts=1757601368914&w=293,"₹ 7,550.00",https://www.zara.com/in/en/zw-collection-pleated-midi-dress-p04786287.html,dresses
Sleeveless black halterneck dress set with dark stockings. Wears a black jacket and tall boots.,https://static.zara.net/assets/public/7dc5/fd4d/255d4da282f0/e28737bae260/09106331800-a1/09106331800-a1.jpg?ts=1759332488552&w=293,"₹ 3,550.00",https://www.zara.com/in/en/satin-mini-dress-p09106331.html,dresses
BUTTON MIDI DRESS - Green marl by Zara,https://static.zara.net/assets/public/3457/21c3/fc8948da98a3/71e247b5db9d/03644188524-p/03644188524-p.jpg?ts=1757519135265&w=293,"₹ 3,550.00",https://www.zara.com/in/en/button-midi-dress-p03644188.html,dresses
Black strapless dress and black boots set.,https://static.zara.net/assets/public/4de4/11df/24eb406d8bfc/50afd1de2ef7/06929381443-000-ult1/06929381443-000-ult1.jpg?ts=1758730474484&w=609,"₹ 4,350.00",https://www.zara.com/in/en/trf-asymmetric-denim-dress-p06929381.html,dresses
"Maroon midi dress set with thin straps, straight neckline, beading, and back slit.",https://static.zara.net/assets/public/be8e/448d/a2644e649124/4b4ea9cf2109/07969257605-a1/07969257605-a1.jpg?ts=1763372742252&w=293,"₹ 4,950.00",https://www.zara.com/in/en/velvet-faux-fur-beaded-midi-dress-p07969257.html,dresses
"Black short dress set with a high neck, sleeveless, and ruffles on the hem.",https://static.zara.net/assets/public/8cf1/d353/b8bd49e88f33/6bc89c59dcd1/04661266800-p/04661266800-p.jpg?ts=1759910830564&w=293,"₹ 4,950.00",https://www.zara.com/in/en/short-dress-with-lace-detail-p04661266.html,dresses
"Brown dress set with short sleeves and fur trim on the hem, long gloves, and black boots.",https://static.zara.net/assets/public/4036/b600/80ed406c97e8/fee44838c804/05755126700-p/05755126700-p.jpg?ts=1764759734992&w=293,"₹ 3,550.00",https://www.zara.com/in/en/knit-dress-with-faux-fur-detail-p05755126.html,dresses
"Multicoloured short dress set with floral print, V-neck, short puff sleeves and embroidery on the chest.",https://static.zara.net/assets/public/ed5f/067a/2dc442df8e44/6f86315a3387/01821224330-a1/01821224330-a1.jpg?ts=1754386709551&w=293,"₹ 4,350.00",https://www.zara.com/in/en/floral-print-combined-short-dress-p01821224.html,dresses
"Mid-shot of a blue dress with a round neck, short sleeves, adjustable belt and faux front pockets with buttons.",https://static.zara.net/assets/public/adc8/f9d1/59bd46889acc/881b58ccbeee/08779649407-a1/08779649407-a1.jpg?ts=1760097687811&w=609,"₹ 4,350.00",https://www.zara.com/in/en/structured-dress-with-belt-p08779649.html,dresses
Sleeveless asymmetric black dress and black sunglasses set.,https://static.zara.net/assets/public/8b31/64c8/173e4da2b358/ca02c6d8031a/09271578800-p/09271578800-p.jpg?ts=1759491160042&w=293,"₹ 4,350.00",https://www.zara.com/in/en/zw-collection-asymmetric-top-p09271578.html,dresses
"Black short dress set with wide sleeves and a high neck, paired with black high-heeled sandals.",https://static.zara.net/assets/public/3b5c/897f/f01c4ffaafcf/19f42e776c55/09736332702-p/09736332702-p.jpg?ts=1764777323030&w=293,"₹ 3,550.00",https://www.zara.com/in/en/short-satin-scarf-dress-p02116341.html,dresses
Anthracite grey asymmetric sleeveless midi dress and feathered high heels set.,https://static.zara.net/assets/public/36f6/aed9/27674a3e8c84/b2253a8a5fbe/05029208807-a6/05029208807-a6.jpg?ts=1758810029770&w=293,"₹ 4,950.00",https://www.zara.com/in/en/asymmetric-beaded-satin-midi-dress-p05029208.html,dresses
"Burgundy short dress set with wide straps and draped waist detail, asymmetrical hem.",https://static.zara.net/assets/public/fca0/d8b5/140f40ee84e5/9ab4b341021f/09604838605-p/09604838605-p.jpg?ts=1761060453292&w=293,"₹ 4,950.00",https://www.zara.com/in/en/mini-dress-with-waist-detail-p09604838.html,dresses
"Sleeveless blue dress set with a square neckline and a full ankle-length skirt, accompanied by matching high-heeled shoes.",https://static.zara.net/assets/public/9ee3/2d93/93014707b65e/b9c5c993f46d/09591605538-a3/09591605538-a3.jpg?ts=1761060406577&w=293,"₹ 5,950.00",https://www.zara.com/in/en/balloon-midi-dress-p09591605.html,dresses
"Dark indigo sleeveless midi dress set with a straight neckline, off-the-shoulder design, and an asymmetrical hem.",https://static.zara.net/assets/public/53ca/82d6/943144abb35b/552e14deb025/06929381443-p/06929381443-p.jpg?ts=1759937066602&w=293,"₹ 4,350.00",https://www.zara.com/in/en/trf-asymmetric-denim-dress-p06929381.html,dresses
Short grey bubble dress with a halterneck and black knee-high boots.,https://static.zara.net/assets/public/1b31/3bfe/7df24affa3e4/b3c8de608338/09793632802-p/09793632802-p.jpg?ts=1762523254747&w=293,"₹ 3,550.00",https://www.zara.com/in/en/velvet-bubble-hem-mini-dress-p09793632.html,dresses
"Short red dress set with halter neck and V-neck, sleeveless, with concealed side zip fastening.",https://static.zara.net/assets/public/f81b/81dd/a0b04c168062/c0344bdc480c/03152249600-a2/03152249600-a2.jpg?ts=1755774302645&w=293,"₹ 4,350.00",https://www.zara.com/in/en/halter-two-layer-dress-p03152249.html,dresses
"Blue midi dress set with a round neck, short sleeves and a fitted bustier-style waist. Flared hem.",https://static.zara.net/assets/public/c3e0/88c2/a13a4668a8b2/de5b99d63ad8/04437257407-p/04437257407-p.jpg?ts=1758715183691&w=293,"₹ 7,550.00",https://www.zara.com/in/en/zw-collection-denim-midi-dress-p04437257.html,dresses
"Navy asymmetrical short dress set with stud details at the waist, round neck, sleeveless, and a side ruffle.",https://static.zara.net/assets/public/b067/957b/a27b4ce59220/47e6de84a6cf/04661248401-a1/04661248401-a1.jpg?ts=1759332335175&w=293,"₹ 4,350.00",https://www.zara.com/in/en/asymmetric-short-dress-with-studs-p04661248.html,dresses
Medium shot of a purple dress with a bow at the neck and long sleeves with gold buttons.,https://static.zara.net/assets/public/54fa/1a6d/d9334c308184/e63f41546098/05029197610-a3/05029197610-a3.jpg?ts=1759743699739&w=293,"₹ 4,950.00",https://www.zara.com/in/en/mini-dress-with-scarf-p05029197.html,dresses
"Black midi dress set with sweetheart neckline, wide straps, and floral glitter details.",https://static.zara.net/assets/public/3f22/19f9/a7f446f99ec3/c712b02753d0/05584243800-a1/05584243800-a1.jpg?ts=1763118781409&w=293,"₹ 3,550.00",https://www.zara.com/in/en/shiny-stretch-midi-dress-p05584243.html,dresses
Short black strapless dress set with jewel embellishments on the front.,https://static.zara.net/assets/public/eee8/e827/92b64ee091e5/d71a694d8f7a/05584242800-p/05584242800-p.jpg?ts=1763118781114&w=293,"₹ 3,550.00",https://www.zara.com/in/en/stretch-jewel-dress-p05584242.html,dresses
"Sweatshirt dress set with a round neck and long sleeves, one grey and one tan, with gathers at the waist.",https://static.zara.net/assets/public/c025/b0e0/2d0b49abbc36/25b09144133a/05584806803-a2/05584806803-a2.jpg?ts=1758722241156&w=293,"₹ 2,950.00",https://www.zara.com/in/en/soft-dress-with-fajin-effect-p05584806.html,dresses
"Black halterneck jumpsuit with studded belt and high boots, accompanied by a jacket with faux fur details.",https://static.zara.net/assets/public/5728/bce4/b87b453a939e/84f35a58f7b3/06929481800-p/06929481800-p.jpg?ts=1761899551289&w=293,"₹ 4,950.00",https://www.zara.com/in/en/halter-jumpsuit-with-puffed-hem-p06929481.html,dresses
METALLIC THREAD PRINTED MINI DRESS - Multicoloured by Zara,https://static.zara.net/assets/public/9c55/f5ab/70924276aa3a/da94c98d1828/05770242330-a5/05770242330-a5.jpg?ts=1758202880305&w=293,"₹ 4,950.00",https://www.zara.com/in/en/metallic-thread-printed-mini-dress-p05770242.html,dresses
"Blue denim dress ensemble with buttons and front pockets, gold belt, brown boots and brown jacket in hand.",https://static.zara.net/assets/public/9ba5/2b1f/b95b42939a6b/9603a26ad368/07484070407-p/07484070407-p.jpg?ts=1754499056519&w=293,"₹ 5,550.00",https://www.zara.com/in/en/z1975-denim-dress-with-belt-p07484070.html,dresses
"Mid-shot of a short, sleeveless, multicoloured dress with a round neck and a checked design.",https://static.zara.net/assets/public/a3ab/8bd9/3bc547b48ecb/896056f9ac6d/04192162330-a1/04192162330-a1.jpg?ts=1759227119269&w=293,"₹ 4,350.00",https://www.zara.com/in/en/textured-mini-knit-dress-p04192162.html,dresses
"Long black sequin dress set with a V-neckline, long sleeves with slits, side draping, and an asymmetrical hem.",https://static.zara.net/assets/public/20bd/7bc2/12244d919abb/1613430b7fed/09717976800-p/09717976800-p.jpg?ts=1763397373826&w=293,"₹ 7,550.00",https://www.zara.com/in/en/zw-collection-sequin-shoulder-pad-dress-p09717976.html,dresses
Duck egg blue midi dress set with a funnel neck and long sleeves. Tie waist and button fastening at the back.,https://static.zara.net/assets/public/f5ab/0d24/6c834f95a677/8ac13ed836a5/01165231442-a1/01165231442-a1.jpg?ts=1761221594656&w=293,"₹ 5,550.00",https://www.zara.com/in/en/satin-midi-dress-with-bows-p01165231.html,dresses
"Set of a short beige dress with a cowl neck and sleeveless, along with wide-leg beige trousers and a knitted sleeveless top.",https://static.zara.net/assets/public/91d4/267d/c80544c29630/641b1621b0b4/06771118505-000-p/06771118505-000-p.jpg?ts=1756196541513&w=293,"₹ 3,550.00",https://www.zara.com/in/en/draped-neck-short-dress-p04661262.html,dresses
"Black short dress set with white floral print, V-neck, long sleeves and frills on the hem.",https://static.zara.net/assets/public/e2ba/cd95/d7564ecea3fe/3f7424df541d/02180239084-a2/02180239084-a2.jpg?ts=1761229659562&w=293,"₹ 4,950.00",https://www.zara.com/in/en/ruffled-floral-print-dress-p02180239.html,dresses
"Black strapless mini dress set with ruching and overlay, sleeveless, concealed back zip fastening.",https://static.zara.net/assets/public/bcda/d947/057742b9b32f/b2924ad05026/08698230800-a2/08698230800-a2.jpg?ts=1758275866326&w=293,"₹ 4,350.00",https://www.zara.com/in/en/strapless-short-dress-p08698230.html,dresses
GINGHAM CHECK BANDEAU SHORT DRESS - Pale pink by Zara,https://static.zara.net/assets/public/816b/b419/717b4a36bf42/02119461511b/03152233687-p/03152233687-p.jpg?ts=1757069364821&w=293,"₹ 3,550.00",https://www.zara.com/in/en/gingham-check-bandeau-short-dress-p03152233.html,dresses
"Steel blue mini draped dress set, boat neck, long sleeves, side ruching, with brown boots.",https://static.zara.net/assets/public/e070/8269/3d84411fa593/116d40de93fd/07484175431-a4/07484175431-a4.jpg?ts=1758891435565&w=293,"₹ 3,350.00",https://www.zara.com/in/en/structured-draped-mini-dress-p07484175.html,dresses
"Sleeveless midi black dress set, sweetheart neckline, off-the-shoulder detail and concealed side zip fastening.",https://static.zara.net/assets/public/7310/c48b/3ac94e4fa533/48befc4187f5/04770805800-p/04770805800-p.jpg?ts=1755599046492&w=293,"₹ 3,550.00",https://www.zara.com/in/en/sweetheart-neckline-midi-dress-p04770805.html,dresses
"Short, dress set with thin straps and a round neckline. Concealed zip fastening at the back.",https://static.zara.net/assets/public/763d/525c/39224709be48/136e136aac22/08185111251-a1/08185111251-a1.jpg?ts=1752593521046&w=293,"₹ 3,550.00",https://www.zara.com/in/en/short-stretch-dress-p08185111.html,dresses
FLOWING HALTER DRESS - Chocolate by Zara,https://static.zara.net/assets/public/4bac/7255/aef8488c9032/a23d20920e24/06929388717-p/06929388717-p.jpg?ts=1756119002681&w=293,"₹ 3,550.00",https://www.zara.com/in/en/flowing-halter-dress-p06929388.html,dresses
"Co-ord set consisting of a short, ecru dress with embroidery, round neck, short puff sleeves and a straight hem with openwork details.",https://static.zara.net/assets/public/24eb/faed/dda543e999d1/b1af9ab07e17/02903243712-p/02903243712-p.jpg?ts=1751624388036&w=293,"₹ 7,550.00",https://www.zara.com/in/en/zw-collection-embroidered-short-dress-p02903243.html,dresses
"Medium shot of a dark brown jumpsuit with a shirt collar, sleeveless design, elasticated belt, concealed pockets, and button-front fastening.",https://static.zara.net/assets/public/5293/e20d/22864252b45b/c96cdac48f41/07969233716-a3/07969233716-a3.jpg?ts=1752664388080&w=293,"₹ 4,950.00",https://www.zara.com/in/en/poplin-jumpsuit-p07969233.html,dresses
"Black and silver sleeveless dress set, roll neck, midi length, with abstract print.",https://static.zara.net/assets/public/461e/f7a6/0cf24df4af6d/2a67f427e888/04770400033-a2/04770400033-a2.jpg?ts=1761143306018&w=293,"₹ 3,350.00",https://www.zara.com/in/en/metallic-thread-jacquard-dress-p04770400.html,dresses
"Brown polka dot dress set with a round neck, long sleeves, adjustable belt, and side pockets.",https://static.zara.net/assets/public/a1df/4635/34a342d59d64/f0068740cbc9/09149089700-p/09149089700-p.jpg?ts=1760008200608&w=293,"₹ 4,950.00",https://www.zara.com/in/en/polka-dot-dress-with-belt-zw-collection-p09149089.html,dresses
"Dark rope-coloured flowing short dress set with a high neck, long sleeves, and a frilled hem. Visible black boots.",https://static.zara.net/assets/public/b632/25a4/81794350b5c4/d6305c3e48e0/04772249748-p/04772249748-p.jpg?ts=1760527332112&w=293,"₹ 5,950.00",https://www.zara.com/in/en/short-flowing-dress-with-tie-detail-p04772249.html,dresses
"Co-ord set featuring a short, dress with an asymmetric neckline, sleeveless design, ruching, and concealed side zip fastening.",https://static.zara.net/assets/public/3381/60e3/25ee4c6097d6/a7c8bcf1050f/04772235251-a1/04772235251-a1.jpg?ts=1757580134142&w=293,"₹ 4,350.00",https://www.zara.com/in/en/contrast-short-dress-p04772235.html,dresses
"Brown shirt dress set with a lapel collar, long sleeves, patch pockets, and an adjustable belt.",https://static.zara.net/assets/public/a116/7776/dfb24dea84d9/d3184f151dd7/09558041700-a1/09558041700-a1.jpg?ts=1760975575785&w=293,"₹ 8,550.00",https://www.zara.com/in/en/zw-collection-belted-shirt-dress-p09558041.html,dresses
LONG DRAPED DRESS - Black by Zara,https://static.zara.net/assets/public/cbeb/18db/dc6b430f82d0/9013e7e4c1a7/05644728800-p/05644728800-p.jpg?ts=1756292044910&w=293,"₹ 3,550.00",https://www.zara.com/in/en/long-draped-dress-p05644728.html,dresses
"Front view of a black dress with a V-neck, long sleeves and ruching at the waist. Short, layered skirt with a concealed zip fastening at the back.",https://static.zara.net/assets/public/a954/a941/cfc340f7bf14/5f5a142532c7/09166262800-e1/09166262800-e1.jpg?ts=1757600179504&w=293,"₹ 3,550.00",https://www.zara.com/in/en/gathered-playsuit-dress-p09166262.html,dresses
"Front view of a yellow dress with a floral print, classic collar, and matching belt.",https://static.zara.net/assets/public/00b0/9354/9edc4d55a53b/eba808af04f7/02183013300-e1/02183013300-e1.jpg?ts=1746715913760&w=293,"₹ 5,550.00",https://www.zara.com/in/en/zw-collection-printed-shirt-dress-p02183013.html,dresses
"Short blue dress set with a shirt collar, short sleeves, and concealed front pockets. Flared hemline.",https://static.zara.net/assets/public/2844/3d7c/ca4f4c30ac59/c4ed45565984/05216258407-p/05216258407-p.jpg?ts=1754922079579&w=293,"₹ 4,950.00",https://www.zara.com/in/en/zw-collection-denim-mini-dress-p05216258.html,dresses
"Dark indigo midi dress set, sleeveless with round neck and A-line cut.",https://static.zara.net/assets/public/368a/64f7/cad8426bbc4d/7faec517bf4a/07563243443-p/07563243443-p.jpg?ts=1753184949774&w=293,"₹ 7,550.00",https://www.zara.com/in/en/zw-collection-denim-midi-dress-p07563243.html,dresses
Short black dress set with silver sequins and turquoise tights.,https://static.zara.net/assets/public/2348/14ab/63e240e29608/eee16bce1758/04772287800-p/04772287800-p.jpg?ts=1764255757418&w=293,"₹ 5,950.00",https://www.zara.com/in/en/short-dress-with-contrast-sequins-p04772287.html,dresses
"Navy blue jumpsuit with a V-neck, sleeveless design, elasticated waist belt with gold hardware, and wide legs.",https://static.zara.net/assets/public/9daa/5913/1a544b34a9d8/492ff739e7bb/03897167420-p/03897167420-p.jpg?ts=1753965830020&w=293,"₹ 4,950.00",https://www.zara.com/in/en/jumpsuit-with-hardware-belt-p03897167.html,dresses
"Black and white short-sleeved dress ensemble, round neck, midi skirt with a leather-look finish, with black boots.",https://static.zara.net/assets/public/2c25/71b9/7c004c0aa466/eb4850f328e6/05029203084-a3/05029203084-a3.jpg?ts=1758285809004&w=293,"₹ 4,950.00",https://www.zara.com/in/en/contrast-midi-dress-with-leather-effect-skirt-p05029203.html,dresses
"Duck green maxi dress set, halter neck with V-neckline and ruching on the front.",https://static.zara.net/assets/public/44e6/81d9/8be64572a53e/9643717f3bd1/05039826538-p/05039826538-p.jpg?ts=1752673281855&w=293,"₹ 3,550.00",https://www.zara.com/in/en/gathered-halterneck-maxi-dress-p05039826.html,dresses
"One-shoulder long-sleeved asymmetric red dress set, with black skinny trousers and black high heels.",https://static.zara.net/assets/public/67bf/ee3e/afee44b486da/43703576d1db/09595198699-p/09595198699-p.jpg?ts=1761641805442&w=293,"₹ 5,950.00",https://www.zara.com/in/en/zw-collection-asymmetric-long-dress-p09595198.html,dresses
Brown short-sleeved high-neck dress set with black high-heeled boots.,https://static.zara.net/assets/public/7ea8/77f8/36bf41d5b4f3/959f508f3c8f/00264462523-000-p/00264462523-000-p.jpg?ts=1762969904802&w=293,"₹ 3,550.00",https://www.zara.com/in/en/soft-dress-with-belt-p00264462.html,dresses
"Long black dress set with round neck, long sleeves and front slit. Visible black high boots.",https://static.zara.net/assets/public/f4e4/692f/e45844de8dd6/fb6b4743a471/09112262800-p/09112262800-p.jpg?ts=1759322100587&w=293,"₹ 12,950.00",https://www.zara.com/in/en/zw-collection-limited-edition-sash-coat-dress-p09112262.html,dresses
Sleeveless black maxi dress set with a high neck and pleated tulle skirt.,https://static.zara.net/assets/public/9018/bb8e/95be422792bb/38024e560df3/05584807800-p/05584807800-p.jpg?ts=1758618012501&w=293,"₹ 3,550.00",https://www.zara.com/in/en/long-contrast-tulle-dress-p05584807.html,dresses
STRAPLESS MIDI DRESS - Khaki by Zara,https://static.zara.net/assets/public/46ee/892a/4c6c434290f7/aecddf320928/03067271505-p/03067271505-p.jpg?ts=1757069364516&w=293,"₹ 4,350.00",https://www.zara.com/in/en/strapless-midi-dress-p03067271.html,dresses
Sleeveless black bodycon dress and black knee-high boots set.,https://static.zara.net/assets/public/4d76/439c/746d420eb59c/03759b70ce8b/04772101800-a1/04772101800-a1.jpg?ts=1765296888300&w=293,"₹ 4,950.00",https://www.zara.com/in/en/halter-top-with-fringing-p04772101.html,tops
Black blouse set with pink puffy long sleeves and white high-waisted trousers.,https://static.zara.net/assets/public/18a5/78af/e5da4974a982/36ff59072dff/05584217800-p/05584217800-p.jpg?ts=1759743704426&w=293,"₹ 3,350.00",https://www.zara.com/in/en/contrast-stretch-bodysuit-p05584217.html,tops
Yellow lace-trim top and dark cargo trousers with side pockets set.,https://static.zara.net/assets/public/3c98/16e0/13d94472a517/030f02307c16/05919105300-015-p/05919105300-015-p.jpg?ts=1765375739204&w=609,"₹ 4,350.00",https://www.zara.com/in/en/zw-collection-lace-camisole-top-p05919105.html,tops
Black strapless top and trousers set with white floral detail on the bust.,https://static.zara.net/assets/public/ae35/c6f0/cd024da9878d/c2f82da3eaa1/04772144800-p/04772144800-p.jpg?ts=1759743678372&w=293,"₹ 3,550.00",https://www.zara.com/in/en/contrast-flower-bandeau-top-p04772144.html,tops
"Black crossover strap top with white flowers, grey wide-leg trousers, and red high-heeled shoes.",https://static.zara.net/assets/public/e766/b9eb/cea849869087/eb1ee7d57cc5/05584226800-p/05584226800-p.jpg?ts=1759743678331&w=293,"₹ 2,350.00",https://www.zara.com/in/en/floral-stretch-halter-bodysuit-p05584226.html,tops
"""Mid-shot of a fuchsia crop top with a round neck and short puff sleeves, hidden button fastening at the back.""",https://static.zara.net/assets/public/b3c2/741c/2c624dda89f7/ab63fc2ff1a0/09936561908-a3/09936561908-a3.jpg?ts=1764848148874&w=293,"₹ 2,950.00",https://www.zara.com/in/en/velvet-balloon-top-p09936561.html,tops
COTTON MODAL TOP - Burgundy by Zara,https://static.zara.net/assets/public/3d09/64ef/51fa49dc861b/7cbee671fdeb/03641871605-a1/03641871605-a1.jpg?ts=1755770630604&w=293,₹ 950.00,https://www.zara.com/in/en/cotton-modal-top-p03641871.html,tops
"""Mid-shot of a dark-coloured, fitted, sleeveless top with a high neck.""",https://static.zara.net/assets/public/3d09/64ef/51fa49dc861b/7cbee671fdeb/03641871605-a1/03641871605-a1.jpg?ts=1755770630604&w=293,₹ 950.00,https://www.zara.com/in/en/cotton-modal-top-p03641871.html,tops
Close-up of a metal chain necklace on a sleeveless black top,https://static.zara.net/assets/public/e224/183e/7f6c4e90a82c/9038ba21d0d9/01223922800-p/01223922800-p.jpg?ts=1734799746360&w=609,₹ 650.00,https://www.zara.com/in/en/polyamide-top-with-wide-straps-p03905531.html,tops
Brown sleeveless top and white trousers set with side pockets.,https://static.zara.net/assets/public/3d80/de27/de674bcebc42/6d491225dea5/03905781717-a1/03905781717-a1.jpg?ts=1753874639205&w=293,₹ 650.00,https://www.zara.com/in/en/polyamide-top-with-wide-straps-p03905531.html,tops
"Light brown sweatshirt set with a round neck, long sleeves and decorative buttons, and matching trousers with buttons.",https://static.zara.net/assets/public/ac24/ea2e/7c43494cacfa/05ded5ef189d/03644197730-p/03644197730-p.jpg?ts=1760457465439&w=293,"₹ 2,550.00",https://www.zara.com/in/en/twill-top-with-buttons-p03644197.html,tops
"Black top with a V-neckline and laces, dark leather jacket, and calf-length wide-leg jeans.",https://static.zara.net/assets/public/a1ed/45e3/769646c2aedf/a704b3c60dc2/09217244800-p/09217244800-p.jpg?ts=1760428851263&w=609,"₹ 2,950.00",https://www.zara.com/in/en/faux-leather-strap-top-with-bow-p09217244.html,tops
"Close-up of a black sleeveless top with a high neck, gold side appliques, and an asymmetric hem.",https://static.zara.net/assets/public/3834/f402/09c849c99632/0f2246ebf48a/05755127800-a1/05755127800-a1.jpg?ts=1764675012531&w=293,"₹ 3,550.00",https://www.zara.com/in/en/asymmetric-knit-top-with-side-appliques-p05755127.html,tops
Medium shot of a black sleeveless top with a round neck. Dark trousers with a visible belt.,https://static.zara.net/assets/public/02fd/3c8c/74d64f08a65c/3d04b41ab8ed/01044626800-a1/01044626800-a1.jpg?ts=1757676002702&w=293,"₹ 1,150.00",https://www.zara.com/in/en/ribbed-halter-top-p01044626.html,tops
"""Mid-shot of a light khaki shirt with animal print, asymmetrical collar, long sleeves, and side ruching with a drawstring.""",https://static.zara.net/assets/public/37d0/ad96/baee49019c7c/517130736e6e/09075211506-p/09075211506-p.jpg?ts=1759934200365&w=293,"₹ 3,350.00",https://www.zara.com/in/en/asymmetric-animal-print-top-p09075211.html,tops
"Mid-shot of a pink camisole with thin straps and shoulder ties, paired with high-waisted white trousers.",https://static.zara.net/assets/public/bc9d/7b2b/ddce421a9542/3d3b3c4246b9/04764133633-p/04764133633-p.jpg?ts=1759743643522&w=293,"₹ 2,350.00",https://www.zara.com/in/en/strappy-top-with-bows-p08331111.html,tops
Asymmetric black sequinned halter neck top and sheer embroidered black trousers set.,https://static.zara.net/assets/public/b440/04ec/89044b718256/1cdfa7715a9d/09721636800-000-p/09721636800-000-p.jpg?ts=1762946416815&w=609,"₹ 2,950.00",https://www.zara.com/in/en/asymmetric-sequin-top-p09709636.html,tops
"""Medium shot of a black sleeveless top with a high neck.""",https://static.zara.net/assets/public/d3a6/fc0e/be75473b8f01/c11fe2ab4216/03641871800-a2/03641871800-a2.jpg?ts=1755770630797&w=293,₹ 950.00,https://www.zara.com/in/en/cotton-modal-top-p03641871.html,tops
"Medium shot of a dark grey top with a round neck, three-quarter sleeves, and an adjustable belt with a gold metal buckle.",https://static.zara.net/assets/public/4284/fa80/544f4a35b700/4d7bab80a6f7/03644193922-a1/03644193922-a1.jpg?ts=1760457452368&w=293,"₹ 2,550.00",https://www.zara.com/in/en/twill-top-with-belt-p03644193.html,tops
LACE TOP - Dark red by Zara,https://static.zara.net/assets/public/2d82/7c61/8bab4b0897ef/b7070460b434/04813846641-a1/04813846641-a1.jpg?ts=1757058735719&w=293,"₹ 1,750.00",https://www.zara.com/in/en/lace-top-p04813846.html,tops
"Burgundy asymmetric top with fringe and cowl neck, paired with wide-leg jeans.",https://static.zara.net/assets/public/b76f/afd8/94684c7f819f/e692f969abd0/09616503681-a3/09616503681-a3.jpg?ts=1762952391548&w=293,"₹ 3,550.00",https://www.zara.com/in/en/asymmetric-fringed-devore-top-p09616503.html,tops
Brown glitter bandeau top and matching short skirt with sparkly check print set.,https://static.zara.net/assets/public/2922/1990/29f54f0fba36/954567cd73f3/04772173700-a1/04772173700-a1.jpg?ts=1763110899120&w=609,"₹ 7,550.00",https://www.zara.com/in/en/shimmer-bandeau-top-p04772173.html,tops
A brown sleeveless high-neck top and blue jeans outfit. Visible brown belt.,https://static.zara.net/assets/public/17b0/fbff/8aec4205b0e7/02ed6b21591b/08016399700-a1/08016399700-a1.jpg?ts=1757498558749&w=293,"₹ 2,150.00",https://www.zara.com/in/en/satin-halter-top-p02157221.html,tops
Mid-shot of a draped pink top with a boat neck and cap sleeves.,https://static.zara.net/assets/public/d9e7/2fbf/677d42bca308/9130cf878e55/04174769676-a3/04174769676-a3.jpg?ts=1758879358889&w=293,"₹ 1,550.00",https://www.zara.com/in/en/draped-top-p04174769.html,tops
STRAPLESS TIE BELT TOP - Brown by Zara,https://static.zara.net/assets/public/1c5e/80c4/77a6496dae33/c175896ea897/04661130700-p/04661130700-p.jpg?ts=1757501110076&w=293,"₹ 2,950.00",https://www.zara.com/in/en/strapless-tie-belt-top-p04661130.html,tops
Mid-shot of a fitted toasted top with a high neck and long sleeves.,https://static.zara.net/assets/public/d9e3/51e5/e4624d68a3cd/438804eaf677/05644799707-a1/05644799707-a1.jpg?ts=1758879368417&w=293,"₹ 2,950.00",https://www.zara.com/in/en/double-long-sleeve-top-p05644799.html,tops
"Ecru and blue top set with a high neck, sleeveless design, and an asymmetrical hem with lace trim.",https://static.zara.net/assets/public/1c25/332c/b1ef4d7b9f41/b78e3fdf04c8/02128155080-h1/02128155080-h1.jpg?ts=1764927130960&w=609,"₹ 2,950.00",https://www.zara.com/in/en/houndstooth-lace-top-p02128155.html,tops
"White T-shirt set with black bow, wide straps and frill at the hem, combined with fitted black trousers.",https://static.zara.net/assets/public/f752/b5f6/96e044b9b43d/d7d88e371163/04770173064-p/04770173064-p.jpg?ts=1753955571798&w=293,"₹ 2,150.00",https://www.zara.com/in/en/ribbed-knit-top-with-bow-p04770173.html,tops
Back detail of a mauve top with crossover straps.,https://static.zara.net/assets/public/f8f3/b2d3/2c6146d89000/b84f646e4a3c/03641824612-a3/03641824612-a3.jpg?ts=1755770623301&w=293,"₹ 1,750.00",https://www.zara.com/in/en/seamless-polyamide-top-p03641824.html,tops
TOP WITH RHINESTONE BUTTONS - Black by Zara,https://static.zara.net/assets/public/482e/b8e2/d2254010bd1c/6fa7aaa71475/04772122800-a1/04772122800-a1.jpg?ts=1761231023046&w=609,"₹ 3,550.00",https://www.zara.com/in/en/top-with-rhinestone-buttons-p04772122.html,tops
"Ecru camisole top with lace trim on the V-neck and sides, and dark trousers.",https://static.zara.net/assets/public/1d8a/12ac/69014211a1e2/dcbacf05d2f6/05107297712-p/05107297712-p.jpg?ts=1763482814663&w=293,"₹ 3,550.00",https://www.zara.com/in/en/zw-collection-lace-trimmed-camisole-top-p05107297.html,tops
"Grey strapless top with long sleeves and an asymmetrical hem, paired with dark trousers.",https://static.zara.net/assets/public/b941/95a8/60da4e1e98b1/411bb52a3e78/00858626802-p/00858626802-p.jpg?ts=1762960901842&w=293,"₹ 2,150.00",https://www.zara.com/in/en/soft-bandeau-top-p00858626.html,tops
TEXTURED TOP - Chocolate by Zara,https://static.zara.net/assets/public/0c45/0864/dcce465bb66e/c9af91a72fbb/05039367717-a1/05039367717-a1.jpg?ts=1750674513010&w=293,"₹ 1,950.00",https://www.zara.com/in/en/textured-top-p05039277.html,tops
"Black waistcoat and trousers set, featuring a front button fastening waistcoat and black trousers with a drawstring adjustable waistband.",https://static.zara.net/assets/public/0c45/0864/dcce465bb66e/c9af91a72fbb/05039367717-a1/05039367717-a1.jpg?ts=1750674513010&w=293,"₹ 1,950.00",https://www.zara.com/in/en/textured-top-p05039277.html,tops
"Light pink sequinned bralette top with spaghetti straps, fishnet skirt, and black jacket over the shoulder.",https://static.zara.net/assets/public/d318/aa80/04b241c09da1/538c9dbb259d/05063879942-a2/05063879942-a2.jpg?ts=1762509293878&w=293,"₹ 2,350.00",https://www.zara.com/in/en/sequinned-bralette-top-p05063879.html,tops
"Burgundy co-ord set with a cami top with thin straps and pleats, and a matching mini skirt.",https://static.zara.net/assets/public/ff2f/1f68/78464383b421/0c40cc259d45/09532606660-a5/09532606660-a5.jpg?ts=1761060261289&w=609,"₹ 2,950.00",https://www.zara.com/in/en/strappy-balloon-top-p07969256.html,tops
"Medium shot of a black sleeveless top with a high neck, defined seams, and a rear zip fastening.",https://static.zara.net/assets/public/e723/da49/f042431885a1/70a4f6c06fc2/08987244800-a1/08987244800-a1.jpg?ts=1761842331283&w=293,"₹ 2,950.00",https://www.zara.com/in/en/faux-leather-top-p08987244.html,tops
"""Mid-shot of a light grey asymmetric ribbed knit top with a belt and sleeveless design, paired with blue denim trousers.""",https://static.zara.net/assets/public/ddcb/af6b/fbfc4bb98603/38e99f2f6a00/05536193811-a3/05536193811-a3.jpg?ts=1758701543062&w=293,"₹ 3,550.00",https://www.zara.com/in/en/asymmetric-wool-top-with-belt-p05536193.html,tops
"White sleeveless top and high-waisted, pleated white trousers set.",https://static.zara.net/assets/public/32e0/15cc/5a7c4ba59e34/5e3dcb9be8d6/03905531712-p/03905531712-p.jpg?ts=1740750403397&w=293,₹ 650.00,https://www.zara.com/in/en/polyamide-top-with-wide-straps-p03905531.html,tops
Mid-shot of a black halter neck top with a bow and a puffed hem.,https://static.zara.net/assets/public/36bb/181f/0d28412e812d/101a9f498646/09113986800-a1/09113986800-a1.jpg?ts=1761914766252&w=293,"₹ 2,550.00",https://www.zara.com/in/en/velvet-halter-top-with-bow-p09113986.html,tops
Medium shot of a purple bandeau boob tube top with asymmetric fringing on the hem.,https://static.zara.net/assets/public/4bb2/ff8e/32e5423d9f33/9a44aead5086/05584205603-a2/05584205603-a2.jpg?ts=1758099166031&w=609,"₹ 2,950.00",https://www.zara.com/in/en/fringed-stretch-bandeau-top-p05584205.html,tops
Set of brown bandeau top with embossed flower and wide-leg blue jeans.,https://static.zara.net/assets/public/9a66/8fbc/4b764ddd95f8/25b44e386b17/00085826700-000-a1/00085826700-000-a1.jpg?ts=1756109184571&w=293,"₹ 2,150.00",https://www.zara.com/in/en/flower-bandeau-top-p00085826.html,tops
Medium shot of a black sleeveless top with a funnel neck and a peplum hem.,https://static.zara.net/assets/public/02d6/0789/43f64e1d885c/a063efc5ace6/0085468800-a3/0085468800-a3.jpg?ts=1759314382347&w=293,"₹ 2,350.00",https://www.zara.com/in/en/soft-peplum-top-p00085468.html,tops
"Beige halter neck top set with draped neck and open back, paired with dark wide-leg trousers.",https://static.zara.net/assets/public/9558/f6ce/54334d5a8240/e6cb164c46ef/03067129730-a1/03067129730-a1.jpg?ts=1754047264513&w=293,"₹ 2,350.00",https://www.zara.com/in/en/open-back-halter-top-p03067129.html,tops
"Brown cap with patches, white vest top, black trousers, and brown striped shirt tied at the waist.",https://static.zara.net/assets/public/cb94/a5c7/8bd845d9aa2a/11947f103df6/08197258800-p/08197258800-p.jpg?ts=1758882591348&w=293,₹ 950.00,https://www.zara.com/in/en/ribbed-top-p04424300.html,tops
"""Medium shot of a draped black t-shirt with a crossover neckline and long sleeves, fitted, with a regular hem.""",https://static.zara.net/assets/public/b3b8/30d1/495943d5925f/b3a4198b1275/05039224524-a1/05039224524-a1.jpg?ts=1758103105822&w=293,"₹ 1,950.00",https://www.zara.com/in/en/draped-surplice-neckline-top-p05039224.html,tops
"Close-up of a short black crop top with a V-neck, spaghetti straps and floral embroidery.",https://static.zara.net/assets/public/acd3/acef/e6ca47e79fea/9f05c034a4ad/01067623800-p/01067623800-p.jpg?ts=1757662184721&w=293,"₹ 1,950.00",https://www.zara.com/in/en/embroidered-crop-top-p01067623.html,tops
Chocolate-coloured sleeveless halter neck top and black trousers set.,https://static.zara.net/assets/public/c62b/ed25/b8454e6a9f8f/aecff59a119f/03641710409-a1/03641710409-a1.jpg?ts=1756398046188&w=609,"₹ 1,750.00",https://www.zara.com/in/en/halter-crepe-top-p03641710.html,tops
Medium shot of dark denim jeans with front pockets and visible stitching.,https://static.zara.net/assets/public/3802/e4c4/f5e34b00b597/ff7e0887c57b/08307251407-a1/08307251407-a1.jpg?ts=1764764258161&w=293,"₹ 3,550.00",https://www.zara.com/in/en/zw-collection-wide-leg-high-waist-jeans-p08307251.html,jeans
"High-waisted, wide-leg, five-pocket black jeans set, with a front zip and metal button fastening.",https://static.zara.net/assets/public/920f/fddc/2b2e44ccb647/41f6b927cb98/05575229800-a1/05575229800-a1.jpg?ts=1755104254557&w=293,"₹ 3,550.00",https://www.zara.com/in/en/trf-high-waist-wide-leg-jeans-p05575229.html,jeans
"Mid-shot of black wide-leg trousers with front and back pockets, button and front zip.",https://static.zara.net/assets/public/374a/9ba2/790a4544a238/5c3655de794b/08246244800-a1/08246244800-a1.jpg?ts=1764764257331&w=293,"₹ 3,550.00",https://www.zara.com/in/en/zw-collection-wide-leg-high-waist-jeans-p08307251.html,jeans
"Medium shot of high-waisted, wide-leg blue jeans, featuring five pockets, and a zip and button fastening.",https://static.zara.net/assets/public/22f7/3afd/e1f64ee99821/cb7534e0289e/02569229401-a1/02569229401-a1.jpg?ts=1754488400316&w=293,"₹ 3,550.00",https://www.zara.com/in/en/trf-wide-leg-high-waist-full-length-jeans-p02569229.html,jeans
"Mid-shot of dark, wide-leg jeans with front pockets and visible seams.",https://static.zara.net/assets/public/a3d8/2d3d/16c6468baf41/1b5600f12b73/04365226401-a1/04365226401-a1.jpg?ts=1763643977538&w=293,"₹ 4,350.00",https://www.zara.com/in/en/trf-extra-wide-leg-high-waist-jeans-p05252226.html,jeans
"Low-rise, wide-leg, long black jeans set, with five pockets and front zip and button fastening.",https://static.zara.net/assets/public/10d2/4911/9a204d1b9207/43ab0eb60dc9/08727220407-a1/08727220407-a1.jpg?ts=1754655856483&w=293,"₹ 3,550.00",https://www.zara.com/in/en/trf-wide-leg-low-rise-jeans-p08727220.html,jeans
"Mid-shot of dark blue jeans with front and back pockets, brown belt, and visible stitching.",https://static.zara.net/assets/public/b567/315a/46ef433c97ff/48d251bd43d1/06929225443-a1/06929225443-a1.jpg?ts=1758882590023&w=293,"₹ 3,550.00",https://www.zara.com/in/en/trf-wide-leg-low-rise-jeans-p08727220.html,jeans
"Medium shot of blue wide-leg, high-waisted trousers, with pronounced seam and patch pockets on the back.",https://static.zara.net/assets/public/a452/3880/762a46ca8794/d56d620f52a4/05474242800-a1/05474242800-a1.jpg?ts=1755764696200&w=293,"₹ 3,550.00",https://www.zara.com/in/en/zw-collection-wide-leg-high-waist-jeans-p09632253.html,jeans
Mid-shot of blue wide-leg trousers with visible side pockets and decorative stitching.,https://static.zara.net/assets/public/b7ce/555b/0dbe4cf0a5f2/edf468be3f31/09632252407-a1/09632252407-a1.jpg?ts=1758887241105&w=293,"₹ 3,550.00",https://www.zara.com/in/en/zw-collection-wide-leg-high-waist-jeans-p09632253.html,jeans
"Blue denim jacket set with front pockets and metallic buttons, and dark denim trousers.",https://static.zara.net/assets/public/1242/40cc/36fa463f8928/096bddaa8c57/05252214400-a1/05252214400-a1.jpg?ts=1762277080905&w=293,"₹ 4,350.00",https://www.zara.com/in/en/trf-folded-waist-mid-waist-jeans-p04730214.html,jeans
Medium shot of a sleeveless black t-shirt with knot detailing on the shoulders and dark denim jeans with front pockets.,https://static.zara.net/assets/public/d712/1755/36e54d878509/120bac405b5a/03607220800-a1/03607220800-a1.jpg?ts=1754047268663&w=293,"₹ 3,550.00",https://www.zara.com/in/en/trf-wide-leg-low-rise-jeans-p08727220.html,jeans
Mid-shot of blue high-waisted wide-leg five-pocket jeans. Front zip and button fastening.,https://static.zara.net/assets/public/680a/e319/00f94154a3aa/06641953b782/06147196407-a1/06147196407-a1.jpg?ts=1764078295664&w=293,"₹ 4,350.00",https://www.zara.com/in/en/z1975-loose-wide-leg-high-waist-jeans-p06147196.html,jeans
"Dark blue denim jeans with side pockets, waistband and front fastening.",https://static.zara.net/assets/public/b914/fc72/b5cb4bedb5a1/320b0bd944f3/05216069400-a1/05216069400-a1.jpg?ts=1747816348851&w=293,"₹ 4,350.00",https://www.zara.com/in/en/zw-collection-denim-jogger-trousers-p08246242.html,jeans
Medium shot of straight-leg blue jeans with side pockets and matching denim jacket.,https://static.zara.net/assets/public/3740/7250/d39844d8b2e0/b2a80b6df628/05359024407-a1/05359024407-a1.jpg?ts=1757058843132&w=293,"₹ 3,550.00",https://www.zara.com/in/en/trf-mid-waist-wide-leg-jeans-p05359024.html,jeans
"Distressed blue jeans with rhinestones, low-rise and five pockets, paired with faux fur coats.",https://static.zara.net/assets/public/8f0d/64ca/fe4442c79c6c/932dd619bac7/06688211407-a1/06688211407-a1.jpg?ts=1761899547447&w=293,"₹ 5,950.00",https://www.zara.com/in/en/trf-ripped-wide-leg-rhinestone-jeans-p06688211.html,jeans
Mid-shot of brown wide-leg trousers with front pockets and visible button.,https://static.zara.net/assets/public/bd07/8aab/ae274f89b8c8/44a6f511df39/08246255700-a1/08246255700-a1.jpg?ts=1764177471357&w=293,"₹ 3,550.00",https://www.zara.com/in/en/zw-collection-wide-leg-high-waist-jeans-p08307251.html,jeans
"Mid-shot of blue wide-leg, high-waisted jeans with five pockets and zip fly and button fastening.",https://static.zara.net/assets/public/fc8e/896b/da4244ada9e5/3c59f8329027/06045224405-a1/06045224405-a1.jpg?ts=1760527338619&w=293,"₹ 3,550.00",https://www.zara.com/in/en/trf-wide-leg-high-waist-full-length-jeans-p06045224.html,jeans
"""Medium shot of a white t-shirt with blue sleeves and red trim, text 'L.A. BEL-AIR 1987' on the front, paired with blue jeans.""",https://static.zara.net/assets/public/c6d4/4f31/d4294e139969/1bc56a2609f9/00085804080-a1/00085804080-a1.jpg?ts=1752675588145&w=293,"₹ 4,350.00",https://www.zara.com/in/en/trf-high-waist-wide-leg-crossover-jeans-p04365032.html,jeans
Z1975 HIGH-WAIST WIDE-LEG BELTED JEANS - Blue by Zara,https://static.zara.net/assets/public/d9be/c977/cb984ae4a68c/db33bee5e04d/08073273706-000-p/08073273706-000-p.jpg?ts=1758110369088&w=293,"₹ 4,350.00",https://www.zara.com/in/en/z1975-high-waist-wide-leg-belted-jeans-p06164164.html,jeans
Black sleeveless top and blue wide-leg jeans set with five pockets and zip and button fastening.,https://static.zara.net/assets/public/5fc9/d803/0fc04c19878a/38810282fdf0/06045224407-a1/06045224407-a1.jpg?ts=1752683403022&w=293,"₹ 3,550.00",https://www.zara.com/in/en/trf-wide-leg-high-waist-full-length-jeans-p06045224.html,jeans
Mid-shot of wide black trousers with visible side pockets.,https://static.zara.net/assets/public/3291/d37e/0f5c4854ac17/f97c53af7697/09863259800-a1/09863259800-a1.jpg?ts=1764177195720&w=293,"₹ 4,950.00",https://www.zara.com/in/en/zw-collection-wide-leg-mid-waist-jeans-with-darts-p09863259.html,jeans
White straight-leg trousers and black cami top set.,https://static.zara.net/assets/public/59d8/6a20/a72c48b1b282/61776703af80/05474043251-a1/05474043251-a1.jpg?ts=1740064574797&w=293,"₹ 3,550.00",https://www.zara.com/in/en/zw-collection-wide-leg-high-waist-jeans-p09632253.html,jeans
ZW COLLECTION WIDE LEG LOW-RISE JEANS - Light blue by Zara,https://static.zara.net/assets/public/c84b/9258/f96547a5a82d/ec732f117eb1/06840245406-a1/06840245406-a1.jpg?ts=1755076023647&w=293,"₹ 4,350.00",https://www.zara.com/in/en/zw-collection-wide-leg-low-rise-jeans-p09632251.html,jeans
"High-waisted blue jean set with black belt and five pockets, wide and cropped leg.",https://static.zara.net/assets/public/4e47/bb1c/fbe645cbbd4d/2e74d80ed970/01889152427-a1/01889152427-a1.jpg?ts=1753378004567&w=293,"₹ 4,350.00",https://www.zara.com/in/en/z-10-high-waist-belted-culottes-jeans-p01889152.html,jeans
"Medium shot of wide-leg black trousers with front and back pockets, a waistband with belt loops and a front zip and button fastening.",https://static.zara.net/assets/public/aea3/5e83/4957456f89d2/28618756cccb/09632241800-a1/09632241800-a1.jpg?ts=1756739879420&w=293,"₹ 4,950.00",https://www.zara.com/in/en/zw-collection-mid-waist-jeans-p09632241.html,jeans
"Black long-sleeved jacket set, white sleeveless top and light blue high-waisted jeans.",https://static.zara.net/assets/public/366b/1644/103c48c6a2e6/9a58fc58b4df/08727226426-a1/08727226426-a1.jpg?ts=1758707009603&w=293,"₹ 4,350.00",https://www.zara.com/in/en/trf-extra-wide-leg-high-waist-jeans-p05252226.html,jeans
Long-sleeved red t-shirt and black wide-leg trousers with side pockets.,https://static.zara.net/assets/public/6889/49c8/a48a4bfbacb8/6090b160bf34/08246246717-a1/08246246717-a1.jpg?ts=1756399368745&w=293,"₹ 3,550.00",https://www.zara.com/in/en/zw-collection-wide-leg-high-waist-jeans-p09632253.html,jeans
"Medium shot of wide-leg grey jeans with front and back pockets, next to brown loafers.",https://static.zara.net/assets/public/25d2/c37a/0be84196beff/005726b5984c/05575228807-a1/05575228807-a1.jpg?ts=1755104250736&w=293,"₹ 3,550.00",https://www.zara.com/in/en/trf-wide-leg-high-waist-full-length-jeans-p06045224.html,jeans
"Light blue wide-leg jeans with a mid-rise waist, five pockets, and a zip and button fastening.",https://static.zara.net/assets/public/9b0a/ce8a/490a4c0b9ecb/ac62cce8d7f0/06688026406-a1/06688026406-a1.jpg?ts=1753975299766&w=293,"₹ 3,550.00",https://www.zara.com/in/en/mid-rise-wide-leg-trf-jeans-p06688026.html,jeans
"Mid-shot of light blue, high-waisted, wide-leg, five-pocket jeans, with a front zip and button fastening.",https://static.zara.net/assets/public/e5e7/2d62/fcc04cc7a82f/2242b1dfb0c2/01889162406-a1/01889162406-a1.jpg?ts=1758701510611&w=293,"₹ 4,350.00",https://www.zara.com/in/en/z1975-wide-leg-high-waist-jeans-p01889162.html,jeans
TRF WIDE-LEG HIGH-WAIST JEANS WITH CROSSOVER WAIST - Black by Zara,https://static.zara.net/assets/public/6afa/dc96/44504700b85d/bc93adb53361/05252230800-a1/05252230800-a1.jpg?ts=1757000684921&w=293,"₹ 4,350.00",https://www.zara.com/in/en/trf-wide-leg-high-waist-jeans-with-crossover-waist-p04365232.html,jeans
"Medium shot of high-waisted black jeans with a wide, cropped leg, front and back pockets.",https://static.zara.net/assets/public/6287/47f7/85384f99bbb4/add1638e408c/06147172800-a1/06147172800-a1.jpg?ts=1758205068654&w=293,"₹ 4,350.00",https://www.zara.com/in/en/z1975-high-waist-culottes-jeans-p06147172.html,jeans
"Grey wide-leg jeans set with shiny beading and five pockets, front zip and button fastening.",https://static.zara.net/assets/public/6141/08b1/557d4237bae0/f546dc9c41c8/07147227802-a1/07147227802-a1.jpg?ts=1764670568266&w=293,"₹ 5,550.00",https://www.zara.com/in/en/z1975-loose-wide-leg-jeans-with-shiny-beads-p07147227.html,jeans
"Medium shot of brown, high-waisted, wide-leg trousers with a belt and side pockets.",https://static.zara.net/assets/public/07e1/0a82/3d004878b511/974062db742b/06164164700-a1/06164164700-a1.jpg?ts=1757584733467&w=293,"₹ 4,350.00",https://www.zara.com/in/en/z1975-high-waist-wide-leg-belted-jeans-p06164164.html,jeans
"Medium shot of mid-blue, wide-leg, high-waisted jeans with braided belt and five pockets.",https://static.zara.net/assets/public/44f5/0f74/eed9433bb3df/3cc58ad9d309/01889068427-000-a1/01889068427-000-a1.jpg?ts=1757321259516&w=293,"₹ 4,350.00",https://www.zara.com/in/en/z1975-high-waist-wide-leg-full-length-jeans-with-belt-p01889068.html,jeans
Medium shot of brown wide-leg trousers with front pockets and a metal button.,https://static.zara.net/assets/public/80da/a75f/c94e488a85d7/eef9aeb54ebf/05575227717-a1/05575227717-a1.jpg?ts=1762964155150&w=293,"₹ 3,550.00",https://www.zara.com/in/en/trf-wide-leg-low-rise-jeans-p05575227.html,jeans
Medium shot of light blue trousers with rips in the legs and front pockets.,https://static.zara.net/assets/public/44c2/c10b/126043a98de7/7d7b0bd3fb99/05252224406-a1/05252224406-a1.jpg?ts=1755790732062&w=293,"₹ 3,550.00",https://www.zara.com/in/en/trf-ripped-mid-waist-wide-leg-jeans-p05252224.html,jeans
"Light grey wide-leg, high-waisted jeans with an asymmetric button and zip fly, five-pocket design.",https://static.zara.net/assets/public/033b/f52f/e21c43b58bc4/d4489abd2867/05575036811-a1/05575036811-a1.jpg?ts=1750860768938&w=293,"₹ 4,350.00",https://www.zara.com/in/en/high-waist-trf-wide-leg-crossover-waist-jeans-p05575036.html,jeans
"plaintext Mid-shot of navy cargo trousers with a wide belt, front pockets and back patch pockets, straight leg.",https://static.zara.net/assets/public/893b/da25/124c4a7ca287/4bc2c677cc53/09569668401-a1/09569668401-a1.jpg?ts=1763556073374&w=293,"₹ 4,950.00",https://www.zara.com/in/en/cargo-trousers-with-belt-p09569668.html,jeans
"Front view of wide-leg, cropped blue jeans, with a brown belt and front patch pockets.",https://static.zara.net/assets/public/aac6/fb9f/91624d30850c/eab321ebd78a/05862060407-e1/05862060407-e1.jpg?ts=1756886183259&w=293,"₹ 3,550.00",https://www.zara.com/in/en/z1975-wide-leg-cropped-high-waist-jeans-with-belt-p05862060.html,jeans
"Black jacket with pockets, black sleeveless top and high-waisted blue jeans with side pockets.",https://static.zara.net/assets/public/77e6/277d/f4c945078cce/428d8e8e7cb7/06688227405-a1/06688227405-a1.jpg?ts=1760541811064&w=293,"₹ 4,350.00",https://www.zara.com/in/en/trf-extra-wide-leg-high-waist-jeans-p06688227.html,jeans
"Blue ruffled blouse and high-waisted, wide-leg, raw-hem indigo jeans set. Visible side pockets.",https://static.zara.net/assets/public/5dc8/ab52/7af14a6fa7d2/f5e8eab476d1/09942158405-a1/09942158405-a1.jpg?ts=1755185610226&w=293,"₹ 4,350.00",https://www.zara.com/in/en/z1975-high-waist-wide-leg-jeans-p09942158.html,jeans
"Blue wide-leg denim trouser set with front and back pockets, and a sleeveless beige top.",https://static.zara.net/assets/public/898a/96a8/ab694f4db192/9b817381d0ef/04730232407-a1/04730232407-a1.jpg?ts=1754057335764&w=293,"₹ 4,350.00",https://www.zara.com/in/en/trf-wide-leg-high-waist-jeans-with-crossover-waist-p04365232.html,jeans
Navy blue ribbed crew neck jumper and dark wash jeans with visible stitching set.,https://static.zara.net/assets/public/3e8a/3171/ed384c87b141/6dbfb132bdc9/06688227443-a1/06688227443-a1.jpg?ts=1761586074293&w=293,"₹ 4,350.00",https://www.zara.com/in/en/trf-extra-wide-leg-high-waist-jeans-p06688227.html,jeans
Blue bandeau top and wide-leg trousers set with belt.,https://static.zara.net/assets/public/2497/ba7b/e00444f3a44f/f025da7af256/07484161407-a1/07484161407-a1.jpg?ts=1758701546974&w=293,"₹ 3,550.00",https://www.zara.com/in/en/z1975-high-waist-wide-leg-jeans-p07484161.html,jeans
Gold and black sequin top set with dark wide-leg jeans and side pockets.,https://static.zara.net/assets/public/6061/9ef0/f24b4840ab84/64e90a24519d/03777228800-a1/03777228800-a1.jpg?ts=1764779653490&w=293,"₹ 3,550.00",https://www.zara.com/in/en/z1975-wide-leg-high-waist-jeans-p06164211.html,jeans
Matching black crop top and wide-leg black trousers with visible back pockets.,https://static.zara.net/assets/public/2a66/167f/3fca4c85a4f2/92b8d47eac99/03607026800-a1/03607026800-a1.jpg?ts=1750860767424&w=293,"₹ 3,550.00",https://www.zara.com/in/en/trf-wide-leg-mid-rise-full-length-jeans-p03607026.html,jeans
DRAWSTRING FLOWING TRF DENIM TROUSERS - Blue by Zara,https://static.zara.net/assets/public/0e33/5d1e/7a714124ae22/3f3ce08d0db0/08727242400-a1/08727242400-a1.jpg?ts=1753352954236&w=293,"₹ 2,950.00",https://www.zara.com/in/en/drawstring-flowing-trf-denim-trousers-p08727242.html,jeans
Grey straight-cut jeans set with front pockets and a black and white striped T-shirt.,https://static.zara.net/assets/public/5bd4/f953/9e97419e9eb4/f58410a4b677/05359230802-a1/05359230802-a1.jpg?ts=1763643866256&w=293,"₹ 3,550.00",https://www.zara.com/in/en/trf-wide-leg-low-rise-jeans-p05359230.html,jeans
"Mid-shot of medium blue wide-leg, mid-rise jeans with front pleats and side pockets.",https://static.zara.net/assets/public/201f/5363/92f44260bd97/a245034ba617/06147154427-a1/06147154427-a1.jpg?ts=1756468439751&w=293,"₹ 3,550.00",https://www.zara.com/in/en/z1975-mid-waist-wide-leg-jeans-p06147154.html,jeans
"Light blue wide-leg, high-waisted jeans, featuring an asymmetric fastening and five visible pockets.",https://static.zara.net/assets/public/f815/0f42/d54c46a68b07/c7a2e38faeb8/04365232406-a1/04365232406-a1.jpg?ts=1754057334976&w=293,"₹ 4,350.00",https://www.zara.com/in/en/trf-wide-leg-high-waist-jeans-with-crossover-waist-p04365232.html,jeans
"Beige jacket set with fur collar and cuffs, and baggy blue jeans with side buttons and front pockets.",https://static.zara.net/assets/public/c4a0/12cd/5a19481c9a00/7bcd33c5be32/04730230407-a1/04730230407-a1.jpg?ts=1760513574528&w=293,"₹ 4,950.00",https://www.zara.com/in/en/trf-baggy-mid-waist-jeans-with-buttons-p04730230.html,jeans
"Medium shot of light grey jeans with a straight cut, visible front and back pockets, and a button and zip fastening.",https://static.zara.net/assets/public/6b69/05d2/a63b48339d81/5e16be2529db/06045027802-a1/06045027802-a1.jpg?ts=1750860769445&w=293,"₹ 3,550.00",https://www.zara.com/in/en/trf-wide-leg-mid-rise-full-length-jeans-p06045027.html,jeans
"Mid-shot of low-rise, wide-leg blue jeans with diamante detailing. Five pockets and front zip fly and button fastening.",https://static.zara.net/assets/public/22b2/e3b4/773e4f43b8a9/d9faa5b8ceb2/08727214407-a1/08727214407-a1.jpg?ts=1760094846792&w=293,"₹ 5,950.00",https://www.zara.com/in/en/trf-low-rise-wide-leg-rhinestone-jeans-p08727214.html,jeans
Mid-shot of a blue denim shirt with front pockets and black high-waisted wide-leg five-pocket jeans.,https://static.zara.net/assets/public/2ab1/02fb/b2734d70b91d/94e74dec25bc/06164206800-a1/06164206800-a1.jpg?ts=1759850353416&w=293,"₹ 4,350.00",https://www.zara.com/in/en/z1975-high-waist-wide-leg-jeans-p06164206.html,jeans
Blue shirt set with front pockets and matching wide-leg trousers.,https://static.zara.net/assets/public/67ab/947a/2d5a4128a729/8608a7f9f35e/07941951405-a1/07941951405-a1.jpg?ts=1764262724848&w=293,"₹ 3,550.00",https://www.zara.com/in/en/wide-leg-trousers-with-darts-p07941951.html,jeans
"Light blue wide-leg jeans outfit with front and back pockets, and brown shoes.",https://static.zara.net/assets/public/c6fc/9639/c5db4cbe9209/100323a01cc6/04365220485-a1/04365220485-a1.jpg?ts=1755790724647&w=293,"₹ 3,550.00",https://www.zara.com/in/en/trf-wide-leg-low-rise-jeans-p08727220.html,jeans
"Front view of light blue culotte jeans with brown belt, high waist, wide leg and five pockets.",https://static.zara.net/assets/public/595a/bd86/121e43f9b9b5/c337f6717449/01889152406-e1/01889152406-e1.jpg?ts=1753367780993&w=293,"₹ 4,350.00",https://www.zara.com/in/en/z-10-high-waist-belted-culottes-jeans-p01889152.html,jeans
"Mid-shot of dark wide-leg jeans with side pockets, paired with brown heeled ankle boots.",https://static.zara.net/assets/public/637e/4531/06644865a922/4c0fdc7c55c8/09942164099-a1/09942164099-a1.jpg?ts=1763128174150&w=293,"₹ 3,550.00",https://www.zara.com/in/en/z1975-low-rise-wide-leg-jeans-p09942164.html,jeans
"Front view of washed blue jeans, mid-rise, wide leg and five pockets. Front zip and button fastening.",https://static.zara.net/assets/public/701e/ef58/edd44fe1b89b/a8601ad6ee05/06045228428-e1/06045228428-e1.jpg?ts=1757429412274&w=293,"₹ 3,550.00",https://www.zara.com/in/en/trf-wide-leg-mid-waist-jeans-p06045228.html,jeans
"Brown jacket set with pockets, white sleeveless top and mid-rise ripped blue jeans.",https://static.zara.net/assets/public/d28c/90ab/32604b78b186/ee90e63f11c0/05359223407-a1/05359223407-a1.jpg?ts=1758882594254&w=293,"₹ 3,550.00",https://www.zara.com/in/en/trf-ripped-mid-waist-wide-leg-jeans-p05359223.html,jeans
"""Rear view of wide-leg, high-waisted blue jeans with back pockets and a belt-looped waistband.""",https://static.zara.net/assets/public/17b8/66f5/f76641b3815c/e4827b736161/05474244407-a1/05474244407-a1.jpg?ts=1758037320149&w=293,"₹ 3,550.00",https://www.zara.com/in/en/zw-collection-high-waist-wide-leg-jeans-p05474244.html,jeans
Ripped hem detail on straight leg grey denim jeans.,https://static.zara.net/assets/public/f4ed/3025/ff0a4b0da8a5/b090e5e3706b/05575029802-a1/05575029802-a1.jpg?ts=1750860768395&w=293,"₹ 3,550.00",https://www.zara.com/in/en/trf-wide-leg-high-waist-jeans-p05575029.html,jeans
"Mid-shot of high-waisted black jeans with five pockets, belt loops at the waist, zip fly and metal button fastening.",https://static.zara.net/assets/public/b0ee/e67c/9e0b41a89cc0/a58f55f12ef5/05575029800-a1/05575029800-a1.jpg?ts=1750860768747&w=293,"₹ 3,550.00",https://www.zara.com/in/en/trf-wide-leg-high-waist-jeans-p05575029.html,jeans
Blue denim waistcoat and wide-leg jeans set with front pockets.,https://static.zara.net/assets/public/78f5/8ed7/91fd4b16a09b/a60b16949548/06929023441-a1/06929023441-a1.jpg?ts=1744712213407&w=293,"₹ 3,550.00",https://www.zara.com/in/en/trf-wide-leg-low-rise-jeans-p06929023.html,jeans
"Beige trousers, high-waisted, straight-leg, with visible seams. Black sandals.",https://static.zara.net/assets/public/2937/bd22/2f214e8099d2/547c8fcb4fa1/08246046718-a1/08246046718-a1.jpg?ts=1747828616822&w=293,"₹ 3,550.00",https://www.zara.com/in/en/zw-collection-wide-leg-high-waist-jeans-p09632253.html,jeans
"Co-ord set of black draped top with beading and a bare back, straight-leg blue jeans, and black sandals.",https://static.zara.net/assets/public/0718/9242/4c2041c5a7d0/9b1d3de36ef0/05063816800-p/05063816800-p.jpg?ts=1752160513121&w=293,"₹ 3,550.00",https://www.zara.com/in/en/trf-wide-leg-low-rise-jeans-p00541030.html,jeans
"Dark jeans set with front pockets and visible stitching, brown belt, and black boots.",https://static.zara.net/assets/public/3af6/36f9/e4c14f1090b2/c9b415873b13/06045020490-a1/06045020490-a1.jpg?ts=1764861655116&w=293,"₹ 3,550.00",https://www.zara.com/in/en/trf-wide-leg-low-rise-jeans-p06929022.html,jeans
"Sleeveless blouse and wide-leg trousers set in dark blue, with side pockets.",https://static.zara.net/assets/public/3b2b/b83a/f1db4ef8b83c/8cbf0443f822/02183247407-a1/02183247407-a1.jpg?ts=1754923803811&w=293,"₹ 4,350.00",https://www.zara.com/in/en/zw-collection-crossover-denim-trousers-p02183247.html,jeans
"Mid-shot of a dark blue denim co-ord with a jacket and wide-leg trousers, visible back pockets.",https://static.zara.net/assets/public/a62f/0d11/99db4fcda02f/136c5d3faeeb/06164170407-a1/06164170407-a1.jpg?ts=1760546936664&w=293,"₹ 4,350.00",https://www.zara.com/in/en/z1975-mid-waist-wide-leg-jeans-with-chains-p06164170.html,jeans
Black jumper set with gold detailing and black trousers with lace trim at the hem.,https://static.zara.net/assets/public/032d/d522/70d14f4bb6f8/865eb5687b85/05474241800-p/05474241800-p.jpg?ts=1755033234450&w=293,"₹ 4,350.00",https://www.zara.com/in/en/zw-collection-wide-leg-low-rise-jeans-p09632251.html,jeans
"Black blazer set with lapel and flap pockets, paired with straight-cut blue jeans.",https://static.zara.net/assets/public/e7bc/3888/ad054a518ef1/3f10d9750d03/09702062507-000-a1/09702062507-000-a1.jpg?ts=1763716682769&w=293,"₹ 7,550.00",https://www.zara.com/in/en/zw-collection-mid-rise-zip-jeans-limited-edition-p09863264.html,jeans
"Mid-shot of low-rise, wide-leg, five-pocket, washed blue jeans. Front zip and button fastening.",https://static.zara.net/assets/public/2ecd/c2ad/795645038f2f/16addfdf76ec/08727220428-a1/08727220428-a1.jpg?ts=1763643977807&w=293,"₹ 3,550.00",https://www.zara.com/in/en/trf-wide-leg-low-rise-jeans-p08727220.html,jeans
"Pink halter neck top with a draped neckline and rhinestones, light blue straight leg jeans, and black sandals.",https://static.zara.net/assets/public/e9b0/1912/26a14a118c5a/24786639967c/03641809620-p/03641809620-p.jpg?ts=1752160488007&w=293,"₹ 3,550.00",https://www.zara.com/in/en/trf-wide-leg-low-rise-jeans-p00541030.html,jeans
Medium shot of high-waisted white jeans with brown belt and wide leg. Visible side pockets.,https://static.zara.net/assets/public/d496/b01b/54b64c3f801d/f05fbfcb7b79/01889152250-015-a1/01889152250-015-a1.jpg?ts=1753377917243&w=293,"₹ 4,350.00",https://www.zara.com/in/en/z-10-high-waist-belted-culottes-jeans-p01889152.html,jeans
"Dark brown checked trench coat set, green lace blouse and wide-leg jeans with a hem.",https://static.zara.net/assets/public/8c58/4760/1bf34d869b13/27612e577128/09122830207-p/09122830207-p.jpg?ts=1763052606745&w=293,"₹ 4,950.00",https://www.zara.com/in/en/zw-collection-wide-leg-mid-waist-jeans-p09863262.html,jeans
"Blue shirt with pockets and mid-blue wide-leg jeans, high-waisted with a brown belt.",https://static.zara.net/assets/public/3e54/c555/d9d948f69c10/bebcbf7e98a0/06164080427-a1/06164080427-a1.jpg?ts=1764942471268&w=293,"₹ 3,550.00",https://www.zara.com/in/en/z1975-high-waist-wide-leg-jeans-with-belt-p06164080.html,jeans
Medium shot of wide-leg blue trousers with side pockets and front pleats.,https://static.zara.net/assets/public/8640/6aad/93934463aeb7/244d3d4d6cfc/09632257407-a1/09632257407-a1.jpg?ts=1755777034171&w=293,"₹ 4,950.00",https://www.zara.com/in/en/zw-collection-denim-trousers-with-darts-p09632257.html,jeans
TRF WIDE-LEG HIGH-WAIST JEANS WITH CROSSOVER WAIST - Blue / Grey by Zara,https://static.zara.net/assets/public/4adc/0567/d8fa490a891f/ba8677cd94d7/08727232485-a1/08727232485-a1.jpg?ts=1757075448759&w=293,"₹ 4,350.00",https://www.zara.com/in/en/trf-wide-leg-high-waist-jeans-with-crossover-waist-p04365232.html,jeans
"Medium shot of straight-leg blue jeans with front and back pockets, a black belt, and brown shoes.",https://static.zara.net/assets/public/0759/565c/9a114503afc6/3657e950d1c4/06688242405-a1/06688242405-a1.jpg?ts=1756820609352&w=293,"₹ 4,350.00",https://www.zara.com/in/en/trf-straight-wide-high-waist-jeans-p06045241.html,jeans
Medium shot of wide-leg blue trousers with side pockets and turn-up hem.,https://static.zara.net/assets/public/d628/d52f/b3514da8b061/818af1135f79/06840251427-a1/06840251427-a1.jpg?ts=1757008755379&w=293,"₹ 4,350.00",https://www.zara.com/in/en/zw-collection-mid-waist-turn-up-hem-jeans-p06840251.html,jeans
Medium shot of a brown striped shirt with buttons and light-coloured wide-leg jeans with front pockets.,https://static.zara.net/assets/public/b6c0/64e5/226c471eb8cc/1a3c7ba32a00/06164080802-a1/06164080802-a1.jpg?ts=1764942471059&w=293,"₹ 3,550.00",https://www.zara.com/in/en/z1975-high-waist-wide-leg-jeans-with-belt-p06164080.html,jeans
Blue straight-leg trouser suit with side pockets and a beige sleeveless top with a V-neck and wavy texture.,https://static.zara.net/assets/public/5a44/cafe/d0c24fdbb40c/a7d9ea1abe3f/04387067400-a1/04387067400-a1.jpg?ts=1751989431338&w=293,"₹ 3,350.00",https://www.zara.com/in/en/wide-leg-trousers-with-belt-loops-p04387067.html,jeans
Brown jacket set with pockets and dark wide-leg jeans.,https://static.zara.net/assets/public/22b2/31ea/d6914a139dff/075140aac2ae/06840305407-000-a1/06840305407-000-a1.jpg?ts=1761648602887&w=293,"₹ 4,950.00",https://www.zara.com/in/en/zw-collection-mid-waist-wide-leg-side-pleated-jeans-p08307264.html,jeans
"json
{
  ""color"": ""black"",
  ""family"": ""t-shirts"",
  ""sub_family"": ""short sleeve"",
  ""short_desc"": ""Black t-shirt with text""
}
```

Close-up of a black t-shirt with ""Nineties Romance"" text, worn over a grey long-sleeved t-shirt and dark jeans.",https://static.zara.net/assets/public/dabb/76c9/6d5d4332a455/ada9c0d55790/00250230807-a1/00250230807-a1.jpg?ts=1756306588239&w=293,"₹ 4,350.00",https://www.zara.com/in/en/trf-wide-leg-high-waist-jeans-with-crossover-waist-p04365232.html,jeans
"Mid-shot of low-rise indigo jeans with wide legs and five pockets, visible black belt.",https://static.zara.net/assets/public/1307/ab05/6dfe45e99b38/3f40ed72ff3b/06399202800-015-p/06399202800-015-p.jpg?ts=1754653002555&w=293,"₹ 4,350.00",https://www.zara.com/in/en/zw-collection-wide-leg-low-rise-jeans-p09632251.html,jeans
Medium shot of distressed blue jeans with rips at the knees and front pockets.,https://static.zara.net/assets/public/e458/3b2c/9262453eaf10/929483476fcb/01300222819-a1/01300222819-a1.jpg?ts=1758882592531&w=293,"₹ 3,550.00",https://www.zara.com/in/en/trf-low-rise-wide-leg-ripped-jeans-p01300222.html,jeans
Medium shot of a brown jacket with pockets and a white lace top. Low-rise black jeans with five pockets.,https://static.zara.net/assets/public/d4ef/b4bd/a6ba4d36a471/7afa224d03af/04341770737-a1/04341770737-a1.jpg?ts=1759407690887&w=293,"₹ 3,550.00",https://www.zara.com/in/en/trf-low-rise-wide-leg-jeans-p05359220.html,jeans
"Medium shot of dark blue flared trousers with front pockets, paired with a brown checked shirt and black sandals.",https://static.zara.net/assets/public/bdf3/aa1f/5b054c8db22b/111bf7075e66/08307055400-a1/08307055400-a1.jpg?ts=1755590065589&w=293,"₹ 3,550.00",https://www.zara.com/in/en/zw-collection-wide-leg-high-waist-jeans-p09632253.html,jeans
Beige button-up jacket set with black culotte jeans with patch pockets and black boots.,https://static.zara.net/assets/public/8543/1edc/c6c34859a4a2/edfd7b7a8e6d/09136576800-a1/09136576800-a1.jpg?ts=1760440969024&w=293,"₹ 3,550.00",https://www.zara.com/in/en/z1975-mid-waist-culottes-with-flap-pockets-p09136576.html,jeans
"Mid-shot of blue, wide-leg, mid-rise jeans with rips at the knees and front pockets. Zip and button fastening.",https://static.zara.net/assets/public/cb0e/5144/b4da4db3835d/aed233e75967/06045128400-a1/06045128400-a1.jpg?ts=1753953583516&w=293,"₹ 3,550.00",https://www.zara.com/in/en/trf-ripped-wide-leg-mid-waist-jeans-p06045128.html,jeans
Brown satin button-up blouse and blue wide-leg jeans set.,https://static.zara.net/assets/public/3135/9a87/da0e4c31ae6f/2806d7dac2b2/06147073428-015-p/06147073428-015-p.jpg?ts=1761563178806&w=293,"₹ 4,350.00",https://www.zara.com/in/en/z1975-wide-leg-loose-high-waist-jeans-with-belt-p06147073.html,jeans
Close-up of a white sleeveless top with a V-neck and crochet scarf detail over blue jeans.,https://static.zara.net/assets/public/1888/59bf/592641b780c5/9cd5ab7a1c1b/05359524400-a1/05359524400-a1.jpg?ts=1753261999913&w=293,"₹ 4,350.00",https://www.zara.com/in/en/trf-wide-leg-mid-waist-scarf-jeans-p05359524.html,jeans
TRF WIDE-LEG HIGH-WAIST JEANS WITH CROSSOVER WAIST - Navy blue by Zara,https://static.zara.net/assets/public/56f3/45d4/46e5449da99a/0b854bd14618/03607332401-a1/03607332401-a1.jpg?ts=1758034809726&w=293,"₹ 4,350.00",https://www.zara.com/in/en/trf-wide-leg-high-waist-jeans-with-crossover-waist-p04365232.html,jeans
Mid-shot of medium blue wide-leg jeans with belt and side pockets. Front closure with metal zip.,https://static.zara.net/assets/public/32f4/3708/244b4bb1bc53/d8cee5ad3b18/06147176427-a1/06147176427-a1.jpg?ts=1756469827672&w=293,"₹ 4,350.00",https://www.zara.com/in/en/mid-waist-belted-wide-leg-jeans-p06147176.html,jeans
Medium shot of blue high-waisted jeans with a wide leg and combined side seam. Front zip and button fastening.,https://static.zara.net/assets/public/5ad7/3f42/95c74d0cbd49/6dad02e8215e/06164175407-a1/06164175407-a1.jpg?ts=1758888877377&w=293,"₹ 4,350.00",https://www.zara.com/in/en/z1975-wide-leg-high-waist-jeans-with-combined-fabric-p06164175.html,jeans
"Front view of ripped blue mid-rise, wide-leg, five-pocket jeans. Front zip and button fastening.",https://static.zara.net/assets/public/013b/8ddf/c2a54fc8ad89/ce49375b25a2/04365210400-e1/04365210400-e1.jpg?ts=1755675859308&w=293,"₹ 3,550.00",https://www.zara.com/in/en/trf-ripped-mid-waist-boyfriend-jeans-p04365210.html,jeans
"""Medium shot of light blue, wide-leg, high-waisted jeans, featuring an asymmetric closure and five visible pockets.""",https://static.zara.net/assets/public/3eda/1612/233841ca803c/59b905b7e5b9/04365032441-a1/04365032441-a1.jpg?ts=1754057335189&w=293,"₹ 4,350.00",https://www.zara.com/in/en/trf-high-waist-wide-leg-crossover-jeans-p04365032.html,jeans
White wide-leg trouser suit with front pockets and white sandals.,https://static.zara.net/assets/public/ae0a/5387/dd634f2cb9d2/1bf5fc8def87/08246056251-a1/08246056251-a1.jpg?ts=1743504249999&w=293,"₹ 3,550.00",https://www.zara.com/in/en/zw-collection-wide-leg-high-waist-jeans-p09632259.html,jeans
"Medium shot of dark blue, wide-leg trousers with visible front pleats and black platform sandals.",https://static.zara.net/assets/public/3a45/10d4/488a4923bc5f/8cc2be5fc0cf/03191051405-a1/03191051405-a1.jpg?ts=1750407152103&w=293,"₹ 4,950.00",https://www.zara.com/in/en/linen-culottes-p03191051.html,jeans
Set of white t-shirt with front pocket and light blue high-waisted trousers with side pockets.,https://static.zara.net/assets/public/4885/d17c/133a4a578883/3d70d06c6731/06840093406-a1/06840093406-a1.jpg?ts=1752767986116&w=293,"₹ 4,950.00",https://www.zara.com/in/en/zw-collection-high-waist-palazzo-jeans-p06840093.html,jeans
"""Medium shot of wide-leg jeans in two shades of blue with front pockets and decorative belt with gold beads.""",https://static.zara.net/assets/public/45b2/c49a/ac084e048e2b/92b3e49bdb55/06164195427-a1/06164195427-a1.jpg?ts=1753366529288&w=293,"₹ 4,350.00",https://www.zara.com/in/en/z1975-wide-leg-high-waist-combined-jeans-p06164195.html,jeans
Mid-shot of dark wide-leg trousers with pleats and side pockets.,https://static.zara.net/assets/public/f262/c918/ed334ef3ad58/4add87f6f98a/08307247407-001-a1/08307247407-001-a1.jpg?ts=1759397604448&w=293,"₹ 7,550.00",https://www.zara.com/in/en/zw-collection-ultra-high-waist-wide-leg-jeans-p00340244.html,jeans
"Mid-shot of mid-blue, high-waisted, wide-leg jeans with crochet side stripes, five pockets, and button-fly fastening.",https://static.zara.net/assets/public/860d/5057/bf914e1ea86f/6ca950c0a522/01889153427-a1/01889153427-a1.jpg?ts=1753951133358&w=293,"₹ 4,950.00",https://www.zara.com/in/en/z1975-wide-leg-high-waist-jeans-with-crochet-trim-p01889153.html,jeans
"Medium shot of blue denim jeans with front and back pockets, paired with black platform sandals.",https://static.zara.net/assets/public/d879/1117/6012431a8387/0426970ddfa3/08307243400-a1/08307243400-a1.jpg?ts=1752507197780&w=293,"₹ 3,550.00",https://www.zara.com/in/en/jeans-zw-collection-wide-leg-high-waist-p08307242.html,jeans
Medium shot of wide-leg blue jeans with visible back pockets.,https://static.zara.net/assets/public/13ce/b7d4/e5504c0282f4/0d0ed3499fe7/08307245400-a1/08307245400-a1.jpg?ts=1758038357874&w=293,"₹ 4,350.00",https://www.zara.com/in/en/zw-collection-wide-leg-high-waist-jeans-p08307245.html,jeans
